{"ret1": -1.000854263305665, "ret2": -1.0007835388183601, "episode": 1}
{"ret1": -1.000368423461915, "ret2": -1.0075936126708993, "episode": 2}
{"ret1": -1.0006605529785164, "ret2": -1.0005768585205086, "episode": 3}
{"ret1": -1.000854263305665, "ret2": -1.0008747100830087, "episode": 4}
{"ret1": -1.000084991455079, "ret2": -1.0016388702392587, "episode": 5}
{"ret1": -1.0005220794677743, "ret2": -1.0013269805908211, "episode": 6}
{"ret1": -1.0000470733642586, "ret2": -1.0013951110839852, "episode": 7}
{"ret1": -1.0008185577392588, "ret2": -1.000815963745118, "episode": 8}
{"ret1": -1.0456366729736337, "ret2": -1.0508566284179697, "episode": 9}
{"ret1": -1.0020688629150398, "ret2": -1.000980987548829, "episode": 10}
{"ret1": -1.0009759521484383, "ret2": -1.000493927001954, "episode": 11}
{"ret1": -1.0006621551513681, "ret2": -1.0005802154541024, "episode": 12}
{"ret1": -1.0013271331787117, "ret2": -1.000212936401368, "episode": 13}
{"ret1": -0.9992697906494149, "ret2": -1.003530349731446, "episode": 14}
{"ret1": -1.0003929138183603, "ret2": -1.001981964111329, "episode": 15}
{"ret1": -1.0008937835693368, "ret2": -1.0008988189697274, "episode": 16}
{"ret1": -0.960374069213868, "ret2": -1.0899954223632822, "episode": 17}
{"ret1": -1.0009296417236337, "ret2": -1.0008842468261727, "episode": 18}
{"ret1": -1.0041376495361336, "ret2": -1.0047760772705088, "episode": 19}
{"ret1": -1.002450714111329, "ret2": -1.0026753997802742, "episode": 20}
{"ret1": -1.0031696319580086, "ret2": -0.9996046447753915, "episode": 21}
{"ret1": -1.00643653869629, "ret2": -0.999961471557618, "episode": 22}
{"ret1": -0.9598583221435555, "ret2": -1.0901811218261728, "episode": 23}
{"ret1": -1.0009110260009775, "ret2": -1.000817184448243, "episode": 24}
{"ret1": -1.0007628631591805, "ret2": -1.0006930541992196, "episode": 25}
{"ret1": -1.0009008026123056, "ret2": -1.0009062194824228, "episode": 26}
{"ret1": -1.0029800415039072, "ret2": -1.0035022735595711, "episode": 27}
{"ret1": -1.0006312561035164, "ret2": -1.0005829620361337, "episode": 28}
{"ret1": -1.0012198638916023, "ret2": -1.0011280059814462, "episode": 29}
{"ret1": -1.0006597900390632, "ret2": -1.0004458618164072, "episode": 30}
{"ret1": -1.000998840332032, "ret2": -1.0009673309326181, "episode": 31}
{"ret1": -1.0012837982177742, "ret2": -1.0012915039062509, "episode": 32}
{"ret1": -1.0003395080566415, "ret2": -1.0006671142578134, "episode": 33}
{"ret1": -1.0876588439941415, "ret2": -0.9627826690673836, "episode": 34}
{"ret1": -0.9587671661376961, "ret2": -1.0909957122802745, "episode": 35}
{"ret1": -1.0004877471923836, "ret2": -1.0005433654785165, "episode": 36}
{"ret1": -1.0019820404052744, "ret2": -1.0012944030761728, "episode": 37}
{"ret1": -1.000773696899415, "ret2": -1.0003237152099618, "episode": 38}
{"ret1": -1.0004149627685555, "ret2": -1.0012117767333992, "episode": 39}
{"ret1": -1.092399444580079, "ret2": -0.9562306213378915, "episode": 40}
{"ret1": -1.1502531433105478, "ret2": -0.9282482910156258, "episode": 41}
{"ret1": -1.1637513732910165, "ret2": -0.9842086791992196, "episode": 42}
{"ret1": -1.0012382507324227, "ret2": -1.0013137054443368, "episode": 43}
{"ret1": -1.0004920959472665, "ret2": -1.0014215087890634, "episode": 44}
{"ret1": -1.0007869720458993, "ret2": -1.0001744842529305, "episode": 45}
{"ret1": -1.00154396057129, "ret2": -1.001348419189454, "episode": 46}
{"ret1": -0.962959289550782, "ret2": -1.0835860443115244, "episode": 47}
{"ret1": -1.0010790252685555, "ret2": -1.001620178222657, "episode": 48}
{"ret1": -0.961200485229493, "ret2": -1.0812501525878915, "episode": 49}
{"ret1": -1.0919027709960947, "ret2": -0.966804962158204, "episode": 50}
