{"agent1_C": 0.21066666666666667, "theta_2_4": 0.6674374938011169, "theta_1_1": -43.0734748840332, "theta_2_0": -10.454548835754395, "theta_1_3": -18.300086975097656, "theta_2_3": -24.476268768310547, "reward_agent1": -40.315762267381274, "theta_1_4": 1.9429957866668701, "theta_1_0": -11.814055442810059, "agent1_D": 0.7893333333333333, "theta_1_2": -3.388674020767212, "agent0_C": 0.30266666666666664, "theta_2_1": -27.964595794677734, "reward_agent0": -45.77829316740838, "agent0_D": 0.6973333333333332, "theta_2_2": -37.009944915771484}
{"agent1_C": 0.005, "theta_2_4": 8.105559349060059, "theta_1_1": -43.0734748840332, "theta_2_0": -10.452977180480957, "theta_1_3": -18.300085067749023, "theta_2_3": -24.476268768310547, "reward_agent1": -48.94043925915527, "theta_1_4": 10.001583099365234, "theta_1_0": -11.813689231872559, "agent1_D": 0.995, "theta_1_2": -3.0950660705566406, "agent0_C": 0.005666666666666666, "theta_2_1": -27.964595794677734, "reward_agent0": -49.240439259155266, "agent0_D": 0.9943333333333334, "theta_2_2": -37.009944915771484}
